abbreviation,full_length,count_abbr,count_fl,surprisal_abbr,surprisal_fl
bro,brother,194,207,28.86696434020996,27.963266372680664
omg,oh my god,115,9,39.39244561581998,41.6861686706543
sry,sorry,1,122,47.63987350463867,32.7176513671875
abt,about,2,1182,38.37360382080078,35.874942779541016
dm,direct message,89,0,36.04253755457261,
rt,retweet,88,1,36.21508844347968,47.43865966796875
